Step,Average Return,% Finished,Crash Counter,Stuck Counter,Avg Steps/Episode,Loss log
0,8.8,1.0,0,0,2.2,0.0
2300,9.3,1.0,0,0,1.7,11.49368953704834
2400,8.8,1.0,0,0,2.2,3.5440940856933594
2500,8.6,1.0,0,0,2.4,7.019597053527832
2600,8.5,1.0,0,0,2.5,78.9781265258789
2700,7.5,1.0,0,0,3.5,0.6768847703933716
