Step,Average Return,% Finished,Crash Counter,Stuck Counter,Avg Steps/Episode,Loss log
0,-97.2,0.8,0,94,12.0,0.0
2600,8.7,1.0,0,0,2.3,0.0
2700,8.5,1.0,0,0,2.5,1.5059731006622314
2800,8.9,1.0,0,0,2.1,31.694217681884766
2900,9.1,1.0,0,0,1.9,10.133645057678223
3000,-42.8,0.9,0,46,6.7,13.64224910736084
3100,8.4,1.0,0,0,2.6,0.0
3200,9.1,1.0,0,0,1.9,4.546021461486816
3300,8.6,1.0,0,0,2.4,10.202486991882324
3400,8.3,1.0,0,0,2.7,0.8273665308952332
3500,8.5,1.0,0,0,2.5,4.430192947387695
